name,youtube,meme,cartoon
papas-jonathan,"https://www.youtube.com/@StuffMadeHere
https://www.youtube.com/@smartereveryday
https://www.youtube.com/@Poofesure","https://knowyourmeme.com/memes/but-you-cant-prove-it-james-doakes-reaction-images
https://knowyourmeme.com/memes/6-7-song-67-meme",
Gerg,"https://www.youtube.com/@veritasium
https://www.youtube.com/@BranchEducation
https://www.youtube.com/@realengineering
https://www.youtube.com/@kurzgesagt
",,"https://www.imdb.com/title/tt0063950/
https://www.imdb.com/title/tt0983983/
https://www.imdb.com/title/tt0112123/
https://www.imdb.com/title/tt0105941/
"
el_psy_congroo,https://www.youtube.com/@PewDiePie,https://knowyourmeme.com/memes/shaq-reading,https://www.imdb.com/title/tt0130417/
Yaz,https://www.youtube.com/@HooviesGarage,https://knowyourmeme.com/memes/sir-gideon-ofnir-the-all-knowing,https://www.imdb.com/title/tt0121955/
Student987,https://www.youtube.com/@htme,,https://www.imdb.com/title/tt6741278/
PotatoChicken,https://www.youtube.com/@thekubzscouts,https://knowyourmeme.com/photos/1228453-cambridge-latin-course,https://www.imdb.com/title/tt0121955/
tricksauce,https://www.youtube.com/@ThePrimeTimeagen,https://knowyourmeme.com/memes/meet-potential-man,https://www.imdb.com/title/tt12343534/
Leo Das,https://www.youtube.com/@VjSiddhuVlog,,https://www.imdb.com/title/tt0259141/
my_life_is_a_sitcom,https://www.youtube.com/@TaylorSwift,https://knowyourmeme.com/memes/joeys-delayed-reaction,"https://www.imdb.com/title/tt1361336/
https://www.imdb.com/title/tt0163929/
https://www.imdb.com/title/tt0756522/
https://www.imdb.com/title/tt0233041/
https://www.imdb.com/title/tt0262153/
https://www.imdb.com/title/tt0108847/"
Big Smoke,https://www.youtube.com/@lakshaychaudhary; https://www.youtube.com/@TylerOliveira; https://www.youtube.com/@Ian77-ClashRoyale; https://www.youtube.com/@KeyAndPeele; https://www.youtube.com/@TaarakMehtaKaOoltahChashmah; https://www.youtube.com/@VikanshuTomar777,"https://knowyourmeme.com/memes/shocked-black-guy; https://knowyourmeme.com/memes/side-eye-dog; https://knowyourmeme.com/memes/awkward-look-monkey-puppet; https://knowyourmeme.com/memes/popeyes-kid-dieunerst-collin; https://knowyourmeme.com/memes/african-kid-crying-with-a-knife; https://knowyourmeme.com/memes/crying-kid-with-gun;
https://knowyourmeme.com/memes/people/ricardo-milos
https://knowyourmeme.com/memes/gigachad","https://www.imdb.com/title/tt0096697/
https://www.imdb.com/title/tt0182576/"
aggie-fan-100,"https://www.youtube.com/@dudeperfect
https://www.youtube.com/@numberphile
https://www.youtube.com/@JomboyMedia
https://www.youtube.com/@3blue1brown
https://www.youtube.com/@michaelmackelvie
https://www.youtube.com/@Computerphile
https://www.youtube.com/@SECShorts
https://www.youtube.com/@palmertrolls
https://www.youtube.com/@AlphaPhoenixChannel
https://www.youtube.com/@standupmaths
https://www.youtube.com/@CaptainDisillusion
https://www.youtube.com/@CaptainDisillusion","https://knowyourmeme.com/memes/left-exit-12-off-ramp
https://knowyourmeme.com/memes/spongebob-burning-paper
https://knowyourmeme.com/memes/surprised-pikachu

","https://www.imdb.com/title/tt1361336/
https://www.imdb.com/title/tt0852863/
https://www.imdb.com/title/tt0206512/
https://www.imdb.com/title/tt2861424/
https://www.imdb.com/title/tt11126994/
https://www.imdb.com/title/tt0417299/
https://www.imdb.com/title/tt6741278/
https://www.imdb.com/title/tt11247158/
https://www.imdb.com/title/tt0988824/"
cloud-sky-2000,https://www.youtube.com/@SaturdayNightLive,,"https://www.imdb.com/title/tt0280277/
https://www.imdb.com/title/tt0852863/
https://www.imdb.com/title/tt1726839/
https://www.imdb.com/title/tt0130417/"
Sandy,https://www.youtube.com/@Sankhokun,,https://www.imdb.com/title/tt1361336/
mechanical-cactus,https://www.youtube.com/@Dokibird,https://knowyourmeme.com/memes/cat-looks-inside,https://www.imdb.com/title/tt0374407/
WINTERISCOMING,"https://www.youtube.com/@chrissmoove
https://www.youtube.com/@veritasium",,"https://www.imdb.com/title/tt1942683/
https://www.imdb.com/title/tt1710308/"
crunch,"https://www.youtube.com/@Channel5YouTube
https://www.youtube.com/@SliggyVAL","https://knowyourmeme.com/memes/but-you-cant-prove-it-james-doakes-reaction-images
https://knowyourmeme.com/memes/bald-jd-vance","https://www.imdb.com/title/tt2098220
https://www.imdb.com/title/tt0434665
https://www.imdb.com/title/tt0417299"
Ken-Adams-7,"https://www.youtube.com/@NASA , https://www.youtube.com/@ValorantEsports , https://www.youtube.com/@WhatIfScienceShow , https://www.youtube.com/@CarryMinati","https://knowyourmeme.com/memes/assassination-chain , https://knowyourmeme.com/memes/distracted-boyfriend","Shinchan: https://www.imdb.com/title/tt12853970/
https://www.imdb.com/title/tt0069576/
https://www.imdb.com/title/tt0293734/
https://www.imdb.com/title/tt3559124/
https://www.imdb.com/title/tt0214341/"
random-name-here,https://www.youtube.com/@SheafificationOfG,https://knowyourmeme.com/memes/loss,https://www.imdb.com/title/tt0206512/
Dog-Person-1999,https://www.youtube.com/@BestEverFoodReviewShow,https://knowyourmeme.com/memes/just-a-chill-guy-my-new-character,https://www.imdb.com/title/tt2560140/
Eugene Krabs,https://www.youtube.com/@ludwig,https://knowyourmeme.com/memes/lebron-james-you-are-my-sunshine-edits,https://www.imdb.com/title/tt0206512/
captain-rs-2023,"https://www.youtube.com/@PremierLeague
https://www.youtube.com/@IShowSpeed","https://knowyourmeme.com/memes/doge
https://knowyourmeme.com/memes/distracted-boyfriend","https://www.imdb.com/title/tt3559124/
https://www.imdb.com/title/tt4083422/"
legend,"Mrballen: https://www.youtube.com/@MrBallen
LeMMino: https://www.youtube.com/@LEMMiNO",,"https://www.imdb.com/title/tt0877057/
https://www.imdb.com/title/tt2098220/"
hsajz6qie384hf74jrt,https://www.youtube.com/@NBCSports,https://knowyourmeme.com/memes/pepe-the-frog,https://www.imdb.com/title/tt12853970/
soycheese,"https://www.youtube.com/@GothamChess, https://www.youtube.com/@Smallant, https://www.youtube.com/@UrinatingTree, https://www.youtube.com/@WolfeyVGC, https://www.youtube.com/@AtriocClips, https://www.youtube.com/@MoxieBoosted, https://www.youtube.com/@ManCarryingThing, https://www.youtube.com/@SECShorts, https://www.youtube.com/@JomboyMedia, https://www.youtube.com/@LudwinClips, https://www.youtube.com/@Ado1024, https://www.youtube.com/@alexbequiet, https://www.youtube.com/@BordeauxYT, https://www.youtube.com/@SvenJohnsonBestYoutuber, https://www.youtube.com/@Davie504, https://www.youtube.com/@gustoonz, https://www.youtube.com/@AaronPaulsen, https://www.youtube.com/@ProZD",,"https://www.imdb.com/title/tt0206512/, https://www.imdb.com/title/tt0235918/, https://www.imdb.com/title/tt13706018/, https://www.imdb.com/title/tt0126029/"
ThailandEnthusiast,https://www.youtube.com/@PewDiePie,https://knowyourmeme.com/memes/epstein-didnt-kill-himself,https://www.imdb.com/title/tt12343534/
wonder,"https://www.youtube.com/@3blue1brown, https://www.youtube.com/@kurzgesagt, https://www.youtube.com/@TEDEd, https://www.youtube.com/@PrimerBlobs, https://www.youtube.com/@GingerRootMusic","https://knowyourmeme.com/memes/lebron-james-reportedly, https://knowyourmeme.com/memes/levitating-pizza-pizzakinesis","https://www.imdb.com/title/tt0213338/, https://www.imdb.com/title/tt15222080/, https://www.imdb.com/title/tt22248376/"
northstar-11,,"https://knowyourmeme.com/memes/distracted-boyfriend
https://knowyourmeme.com/memes/is-this-a-pigeon
https://knowyourmeme.com/memes/woman-yelling-at-a-cat","https://www.imdb.com/title/tt0421482
https://www.imdb.com/title/tt0243061/
https://www.imdb.com/title/tt1423559/
https://www.imdb.com/title/tt0293734/
https://www.imdb.com/title/tt4083422/
https://www.imdb.com/title/tt2644032/"
AJBestPony,"https://www.youtube.com/@styropyro
https://www.youtube.com/@InternetHistorian
https://www.youtube.com/@videogamedunkey
https://www.youtube.com/@3kliksphilip
https://www.youtube.com/@Vsauce
https://www.youtube.com/@2ndJerma","https://knowyourmeme.com/memes/hmm-today-i-will
https://knowyourmeme.com/memes/why-did-you-redeem-it
https://knowyourmeme.com/memes/daring-today-arent-we
https://knowyourmeme.com/memes/steamed-hams
https://knowyourmeme.com/memes/half-life-3-confirmed
https://knowyourmeme.com/memes/when-the-imposter-is-sus-sus-jerma","https://www.imdb.com/title/tt1751105/
https://www.imdb.com/title/tt1865718/
https://www.imdb.com/title/tt0206512/"
crushedoreos,"https://www.youtube.com/@kenforrest
https://www.youtube.com/@ExploreWithUs
https://www.youtube.com/@TheInfographicsShow
https://www.youtube.com/@mkbhd
https://www.youtube.com/@fern-tv
https://www.youtube.com/@VICEAsia
https://www.youtube.com/@DrInsanityCrime
https://www.youtube.com/@LEMMiNO
https://www.youtube.com/@Vsauce
https://www.youtube.com/@johnnyharris","https://knowyourmeme.com/memes/tung-tung-tung-sahur
https://knowyourmeme.com/memes/cursed-boomer-images","https://www.imdb.com/title/tt11680642/
https://www.imdb.com/title/tt2560140/
https://www.imdb.com/title/tt0877057
https://www.imdb.com/title/tt0434706
https://www.imdb.com/title/tt4083422/
https://www.imdb.com/title/tt0245612
https://www.imdb.com/title/tt6057836
https://www.imdb.com/title/tt0983983/
https://www.imdb.com/title/tt0985991"
spagetti_confetti,https://www.youtube.com/@NeetCode ,https://knowyourmeme.com/memes/hulk-gives-ant-man-a-taco,Shaun the sheep
peanutButter,"https://www.youtube.com/@joerogan,
https://www.youtube.com/@BernardoFariaBJJ,
https://www.youtube.com/@HeraAgeofEmpires2,
https://www.youtube.com/@ufc,
https://www.youtube.com/@FloGrappling","https://knowyourmeme.com/memes/why-not-both-why-dont-we-have-both,
https://knowyourmeme.com/memes/this-is-fine","https://www.imdb.com/title/tt0417299/,
"
snixshyy,"https://www.youtube.com/@IShowSpeed, https://www.youtube.com/@HighBoi, https://www.youtube.com/@PewDiePie, https://www.youtube.com/@KSI, https://www.youtube.com/@Sidemen","https://knowyourmeme.com/memes/doge, https://knowyourmeme.com/memes/loss, https://knowyourmeme.com/memes/woman-yelling-at-a-cat","https://www.imdb.com/title/tt12343534/, https://www.imdb.com/title/tt2560140/, https://www.imdb.com/title/tt5249462/"
mischievous_ak47,https://www.youtube.com/@ufc,,https://www.imdb.com/title/tt4179452/
Great-Leveller,https://www.youtube.com/@TheOverlap,https://knowyourmeme.com/memes/waffle-falling-over-waffled,https://www.imdb.com/title/tt6517102/
turtle,https://www.youtube.com/@MoreBestEverFoodReviewShow,https://knowyourmeme.com/memes/i-dont-know-her,https://www.imdb.com/title/tt22248376/
aj1999,"https://www.youtube.com/@PewDiePie
https://www.youtube.com/@LinusTechTips
https://www.youtube.com/@GothamChess
https://www.youtube.com/@gameranxTV
https://www.youtube.com/@PolyMatter
https://www.youtube.com/@veritasium
https://www.youtube.com/@LEMMiNO
https://www.youtube.com/@aupmanyu
https://www.youtube.com/@playoverwatch
https://www.youtube.com/@kurzgesagt
https://www.youtube.com/@MarkRober
https://www.youtube.com/@mkbhd","https://knowyourmeme.com/memes/just-a-chill-guy-my-new-character
https://knowyourmeme.com/memes/absolute-cinema
https://knowyourmeme.com/memes/people/yusuf-dikec-turkish-pistol-shooter
https://knowyourmeme.com/memes/ew-brother-ew-whats-that
https://knowyourmeme.com/memes/nah-id-win
https://knowyourmeme.com/memes/bonk-cheems
https://knowyourmeme.com/memes/sad-hamster-hamster-with-big-eyes
https://knowyourmeme.com/memes/huh-cat
https://knowyourmeme.com/memes/screaming-cat
https://knowyourmeme.com/memes/woman-yelling-at-a-cat","https://www.imdb.com/title/tt0409591/
https://www.imdb.com/title/tt1355642/
https://www.imdb.com/title/tt2560140/
https://www.imdb.com/title/tt2098220/
https://www.imdb.com/title/tt3398540/
https://www.imdb.com/title/tt6517102/
https://www.imdb.com/title/tt0994314/
https://www.imdb.com/title/tt0760437/
https://www.imdb.com/title/tt0455295/
https://www.imdb.com/title/tt2861424/"
GoPokes17,"https://www.youtube.com/@SoftWhiteUnderbelly
https://www.youtube.com/@drdafshow
https://www.youtube.com/@jubilee
https://www.youtube.com/southpark
https://www.youtube.com/@whatsonstage
https://www.youtube.com/@Archdigest
https://www.youtube.com/@smosh","https://knowyourmeme.com/memes/forever-alone
https://knowyourmeme.com/memes/doge
https://knowyourmeme.com/memes/this-is-fine
https://knowyourmeme.com/memes/distracted-boyfriend
https://knowyourmeme.com/memes/blinking-white-guy
https://knowyourmeme.com/memes/success-kid-i-hate-sandcastles
https://knowyourmeme.com/memes/futurama-fry-not-sure-if","https://www.imdb.com/title/tt2861424/
https://www.imdb.com/title/tt0343314/
https://www.imdb.com/title/tt0168366/
https://www.imdb.com/title/tt0312109/
https://www.imdb.com/title/tt0290223/
https://www.imdb.com/title/tt0249327/
https://www.imdb.com/title/tt0328733/
https://www.imdb.com/title/tt0092345/
https://www.imdb.com/title/tt9335498/
https://www.imdb.com/title/tt1799631/
https://www.imdb.com/title/tt0434665/
https://www.imdb.com/title/tt22248376/
"
lololala,https://www.youtube.com/@ClubZeroMedia/videos,https://knowyourmeme.com/memes/katey-lorrell-scream-duets,https://www.imdb.com/title/tt2560140/
sweater,https://www.youtube.com/@ryan,https://knowyourmeme.com/memes/road-work-ahead,https://www.imdb.com/title/tt0206512/
tankengine3650,https://www.youtube.com/@mkbhd,https://knowyourmeme.com/memes/huh-cat,https://www.imdb.com/title/tt0417299/
lumenpath,https://www.youtube.com/@Sidemen,https://knowyourmeme.com/memes/young-michael-scott-shaking-ed-trucks-hand,"https://www.imdb.com/title/tt1910272/
https://www.imdb.com/title/tt6741278/"
princess-consuela-banana-hammock,https://www.youtube.com/@CalebHammer,https://knowyourmeme.com/memes/sad-hamster-hamster-with-big-eyes,https://www.imdb.com/title/tt0386676/
rc18,https://www.youtube.com/@mkbhd,,https://www.imdb.com/title/tt0760437/
satan-08,https://www.youtube.com/@CaspianReport,https://knowyourmeme.com/memes/respect-women,https://www.imdb.com/title/tt0168366/
turtle-hermit,"https://www.youtube.com/@veritasium
https://www.youtube.com/@dudeperfect",,"https://www.imdb.com/title/tt9335498/
https://www.imdb.com/title/tt0214341/
https://www.imdb.com/title/tt0220880/
https://www.imdb.com/title/tt0145628/"
bootstrap,https://www.youtube.com/@ZakirKhan,,https://www.imdb.com/title/tt0220880/
sherlock,https://www.youtube.com/@codestorywithMIK,https://knowyourmeme.com/memes/doge,https://www.imdb.com/title/tt0293734/
I-like-yogurt,https://www.youtube.com/@Flats_OW,https://knowyourmeme.com/memes/6-7-song-67-meme,https://www.imdb.com/title/tt0877057/
random-aliased,,https://knowyourmeme.com/memes/woman-yelling-at-a-cat,https://www.imdb.com/title/tt2098220/
minute-maid-123,https://www.youtube.com/@NickDiGiovanni,https://knowyourmeme.com/memes/pepe-the-frog,https://www.imdb.com/title/tt0214341/
sakamato-taro,https://www.youtube.com/@DiscoverConnection,https://knowyourmeme.com/memes/kids-interrupt-bbc-interview,https://www.imdb.com/title/tt0388629
catlover4,https://www.youtube.com/@jolly,,"https://www.imdb.com/title/tt2560140/
https://www.imdb.com/title/tt1942683/"
the_cs_nerd,https://www.youtube.com/@supertf,https://knowyourmeme.com/memes/distracted-boyfriend,https://www.imdb.com/title/tt0245429/
nerddd,,,https://www.imdb.com/title/tt0386917/
Void_avoider,https://www.youtube.com/@UnsolvedMysteriesFullEpisodes,https://knowyourmeme.com/memes/people/keanu-reeves,https://www.imdb.com/title/tt0409591/
anonymous,https://www.youtube.com/@OutdoorBoys,https://knowyourmeme.com/memes/huh-cat,https://www.imdb.com/title/tt3986702/
sir-gamblelot,"https://www.youtube.com/@AztecrossGaming
https://www.youtube.com/@ThePatMcAfeeShow
https://www.youtube.com/@GameGrumps
https://www.youtube.com/@OFFICIALTHENXSTUDIOS
https://www.youtube.com/@Formula1
https://www.youtube.com/@FilmTheory
https://www.youtube.com/@JoelSmythFootball
https://www.youtube.com/@TeamFourStar
https://www.youtube.com/@TheHerdOnFS1
https://www.youtube.com/@JeffNippard","https://knowyourmeme.com/memes/willem-dafoe-looking-up
https://knowyourmeme.com/memes/neuron-activation","https://www.imdb.com/title/tt0877057/
https://www.imdb.com/title/tt0206512/
https://www.imdb.com/title/tt1710308/
https://www.imdb.com/title/tt1305826/
https://www.imdb.com/title/tt0220880/
https://www.imdb.com/title/tt2560140/
https://www.imdb.com/title/tt0409591/
https://www.imdb.com/title/tt2861424/
https://www.imdb.com/title/tt12074628/
https://www.imdb.com/title/tt0182576/
https://www.imdb.com/title/tt1865718/
https://www.imdb.com/title/tt2359704/"
Pookie-princess ,https://www.youtube.com/@statquest,https://knowyourmeme.com/memes/forever-alone,https://www.imdb.com/title/tt0409591/